{"Metadata":{"Name":"Experience 19 Demo Form","Description":"This form is the demo used for Encompass Experience 2019.","Enabled":true,"Type":"Custom","Version":1,"FormLayout":"responsive","filename":"Experience 19 Demo Form","status":"PENDING","ModifiedDate":"2019-02-25 03:20 AM UTC","ModifiedBy":"urn:elli:encompass:tebe11211237:user:admin"},"Panels":[{"id":"Categorybox1","cid":"04919f20-bd25-db91-25dd-448d2f737b43","row":"1","col":"12","sectionHeaderText":"Borrower Information","enableHeader":"true","enabled":"true","visible":"true","isAvailableOnWorkspace":"true","lastItem":""},{"id":"Categorybox2","cid":"427788a3-72e7-26b7-01a7-b0aa361521eb","row":"2","col":"12","sectionHeaderText":"Loan Information","enableHeader":"true","enabled":"true","visible":"true","isAvailableOnWorkspace":"true","lastItem":"last-item"}],"Controls":[{"id":"GroupBox1","type":"GroupBox","cid":"2233114f-9036-be4f-04b3-40d09c7946e6","options":0,"headerClass":"em-group-box","Properties":{"ui":{"width":6,"isControlResized":true,"label":"Borrower","offset":0,"enableHeader":"true","groupBoxHeader":"Borrower","containerType":"GroupBox"},"events":null,"data":{"domain":{}}},"parentId":"Categorybox1","domPath":"/Categorybox1","depth":null,"index":0,"name":"GroupBox1","isAvailableOnWorkspace":"true","enabled":"true","visible":"true"},{"id":"txtBorrFirstName","type":"TextBox","cid":"aaa17aed-8c2b-eddc-6c83-6a2dd005a44b","options":0,"controlClass":"em-txt-lg","labelPosition":"label_Top","Properties":{"ui":{"width":6,"isControlResized":true,"label":"First Name","offset":0,"labelPosition":"Top","labelPositionValue":"1","hoverText":"","maxChar":"40","placeholder":"","instructionText":""},"events":null,"data":{"domain":{"fieldId":"4000","fieldType":"standard","fieldFormat":"STRING","entityPath":"Loan.CurrentApplication.Borrower.FirstName","entity":"","property":"FirstName","allowEdit":"true"}}},"parentId":"GroupBox1","domPath":"/Categorybox1/GroupBox1","depth":null,"index":0,"name":"txtBorrFirstName","isAvailableOnWorkspace":"true","enabled":"true","tabIndex":"","field":"4000 (Borrower First Name)","lockField":"false","lockIconPosition":"Left","lockIconPositionValue":"1","city":"","state":"","country":"","cityField":"","stateField":"","countyField":"","rolodexId":"","rolodexField":"","visible":"true"},{"id":"txtBorrLastName","type":"TextBox","cid":"915ab787-e5a8-7563-8803-e3f85409ee0a","options":0,"controlClass":"em-txt-lg","labelPosition":"label_Top","Properties":{"ui":{"width":6,"isControlResized":true,"label":"Last Name","offset":0,"labelPosition":"Top","labelPositionValue":"1","hoverText":"","maxChar":"40","placeholder":"","instructionText":""},"events":null,"data":{"domain":{"fieldId":"4002","fieldType":"standard","fieldFormat":"STRING","entityPath":"Loan.CurrentApplication.Borrower.LastName","entity":"","property":"LastName","allowEdit":"true"}}},"parentId":"GroupBox1","domPath":"/Categorybox1/GroupBox1","depth":null,"index":0,"name":"txtBorrLastName","isAvailableOnWorkspace":"true","enabled":"true","tabIndex":"","field":"4002 (Borrower Last Name)","lockField":"false","lockIconPosition":"Left","lockIconPositionValue":"1","city":"","state":"","country":"","cityField":"","stateField":"","countyField":"","rolodexId":"","rolodexField":"","visible":"true"},{"id":"txtBorrEmail","type":"TextBox","cid":"f438daad-12b2-d8b9-e9fc-59dc2ccc29eb","options":0,"controlClass":"em-txt-lg","labelPosition":"label_Top","Properties":{"ui":{"width":6,"isControlResized":true,"label":"Email","offset":0,"labelPosition":"Top","labelPositionValue":"1","hoverText":"","maxChar":"50","placeholder":"","instructionText":""},"events":null,"data":{"domain":{"fieldId":"1240","fieldType":"standard","fieldFormat":"STRING","entityPath":"Loan.CurrentApplication.Borrower.EmailAddressText","entity":"","property":"EmailAddressText","stdDataOptions":"manual","allowEdit":"true"}}},"parentId":"GroupBox1","domPath":"/Categorybox1/GroupBox1","depth":null,"index":0,"name":"txtBorrEmail","isAvailableOnWorkspace":"true","enabled":"true","tabIndex":"","lockField":"false","lockIconPosition":"Left","lockIconPositionValue":"1","city":"","state":"","country":"","cityField":"","stateField":"","countyField":"","rolodexId":"","rolodexField":"","visible":"true","field":"1240 (Borr Email)"},{"id":"txtBorrPhone","type":"TextBox","cid":"6e302ae6-a85e-f9d9-35ee-5abefe81bd18","options":0,"controlClass":"em-txt-lg","labelPosition":"label_Top","Properties":{"ui":{"width":6,"isControlResized":true,"label":"Home Phone","offset":0,"labelPosition":"Top","labelPositionValue":"1","hoverText":"","maxChar":"17","placeholder":"","instructionText":""},"events":null,"data":{"domain":{"fieldId":"66","fieldType":"standard","fieldFormat":"PHONE","entityPath":"Loan.CurrentApplication.Borrower.HomePhoneNumber","entity":"","property":"HomePhoneNumber","allowEdit":"true"}}},"parentId":"GroupBox1","domPath":"/Categorybox1/GroupBox1","depth":null,"index":0,"name":"txtBorrPhone","isAvailableOnWorkspace":"true","enabled":"true","tabIndex":"","field":"66 (Borr Home Phone)","lockField":"false","lockIconPosition":"Left","lockIconPositionValue":"1","city":"","state":"","country":"","cityField":"","stateField":"","countyField":"","rolodexId":"","rolodexField":"","visible":"true"},{"id":"GroupBox2","type":"GroupBox","cid":"cc32ab74-9af5-cbf1-09d0-1140d796ddb4","options":0,"headerClass":"em-group-box","Properties":{"ui":{"width":6,"isControlResized":true,"label":"Co-Borrower","offset":0,"enableHeader":"true","groupBoxHeader":"Co-Borrower","containerType":"GroupBox"},"events":null,"data":{"domain":{}}},"parentId":"Categorybox1","domPath":"/Categorybox1","depth":null,"index":0,"name":"GroupBox2","isAvailableOnWorkspace":"true","enabled":"true","visible":"true"},{"id":"txtCobFirstName","type":"TextBox","cid":"166ed2a7-6142-e90e-b0e2-db01e6cd0c73","options":0,"controlClass":"em-txt-lg","labelPosition":"label_Top","Properties":{"ui":{"width":6,"isControlResized":true,"label":"First Name","offset":0,"labelPosition":"Top","labelPositionValue":"1","hoverText":"","maxChar":"40","placeholder":"","instructionText":""},"events":null,"data":{"domain":{"fieldId":"4004","fieldType":"standard","fieldFormat":"STRING","entityPath":"Loan.CurrentApplication.Coborrower.FirstName","entity":"","property":"FirstName","allowEdit":"true"}}},"parentId":"GroupBox2","domPath":"/Categorybox1/GroupBox2","depth":null,"index":0,"name":"txtCobFirstName","isAvailableOnWorkspace":"true","enabled":"true","tabIndex":"","field":"4004 (Co-Borrower First Name)","lockField":"false","lockIconPosition":"Left","lockIconPositionValue":"1","city":"","state":"","country":"","cityField":"","stateField":"","countyField":"","rolodexId":"","rolodexField":"","visible":"true"},{"id":"txtCobLastName","type":"TextBox","cid":"e758c768-6f45-0761-d470-a0382679fd8e","options":0,"controlClass":"em-txt-lg","labelPosition":"label_Top","Properties":{"ui":{"width":6,"isControlResized":true,"label":"Last Name","offset":0,"labelPosition":"Top","labelPositionValue":"1","hoverText":"","maxChar":"40","placeholder":"","instructionText":""},"events":null,"data":{"domain":{"fieldId":"4006","fieldType":"standard","fieldFormat":"STRING","entityPath":"Loan.CurrentApplication.Coborrower.LastName","entity":"","property":"LastName","allowEdit":"true"}}},"parentId":"GroupBox2","domPath":"/Categorybox1/GroupBox2","depth":null,"index":0,"name":"txtCobLastName","isAvailableOnWorkspace":"true","enabled":"true","tabIndex":"","field":"4006 (Co-Borrower Last Name)","lockField":"false","lockIconPosition":"Left","lockIconPositionValue":"1","city":"","state":"","country":"","cityField":"","stateField":"","countyField":"","rolodexId":"","rolodexField":"","visible":"true"},{"id":"txtCobEmail","type":"TextBox","cid":"dc3d86bc-b8fe-796a-000c-5f51915acd08","options":0,"controlClass":"em-txt-lg","labelPosition":"label_Top","Properties":{"ui":{"width":6,"isControlResized":true,"label":"Email","offset":0,"labelPosition":"Top","labelPositionValue":"1","hoverText":"","maxChar":"20","placeholder":"","instructionText":""},"events":null,"data":{"domain":{"fieldId":"1268","fieldType":"standard","fieldFormat":"STRING","entityPath":"Loan.CurrentApplication.Coborrower.EmailAddressText","entity":"","property":"EmailAddressText","allowEdit":"true"}}},"parentId":"GroupBox2","domPath":"/Categorybox1/GroupBox2","depth":null,"index":0,"name":"txtCobEmail","isAvailableOnWorkspace":"true","enabled":"true","tabIndex":"","field":"1268 (Co-Borr Email)","lockField":"false","lockIconPosition":"Left","lockIconPositionValue":"1","city":"","state":"","country":"","cityField":"","stateField":"","countyField":"","rolodexId":"","rolodexField":"","visible":"true"},{"id":"txtCobPhone","type":"TextBox","cid":"67676838-1f9a-6749-dbd9-c258607dab5e","options":0,"controlClass":"em-txt-lg","labelPosition":"label_Top","Properties":{"ui":{"width":6,"isControlResized":true,"label":"Home Phone","offset":0,"labelPosition":"Top","labelPositionValue":"1","hoverText":"","maxChar":"17","placeholder":"","instructionText":""},"events":null,"data":{"domain":{"fieldId":"98","fieldType":"standard","fieldFormat":"PHONE","entityPath":"Loan.CurrentApplication.Coborrower.HomePhoneNumber","entity":"","property":"HomePhoneNumber","allowEdit":"true"}}},"parentId":"GroupBox2","domPath":"/Categorybox1/GroupBox2","depth":null,"index":0,"name":"txtCobPhone","isAvailableOnWorkspace":"true","enabled":"true","tabIndex":"","field":"98 (Co-Borr Home Phone)","lockField":"false","lockIconPosition":"Left","lockIconPositionValue":"1","city":"","state":"","country":"","cityField":"","stateField":"","countyField":"","rolodexId":"","rolodexField":"","visible":"true"},{"id":"btnCopy","type":"Button","cid":"4e5afd29-b8a3-5da7-4736-ea4cb052a293","options":0,"Properties":{"ui":{"width":4,"isControlResized":true,"offset":0,"value":"Copy from Borrower","buttonType":"Button","buttonTypeValue":"1","hoverText":null,"imageID":null,"imageSource":null,"imageSourceId":null},"events":null,"data":{"domain":{}}},"parentId":"GroupBox2","domPath":"/Categorybox1/GroupBox2","depth":null,"index":0,"name":"btnCopy","isAvailableOnWorkspace":"true","enabled":"true","visible":"true","tabIndex":"","controlAction":"","controlActionText":"Choose One..."},{"id":"GroupBox3","type":"GroupBox","cid":"78ee3597-6306-8da1-9958-8cd986a67212","options":0,"headerClass":"em-group-box","Properties":{"ui":{"width":12,"isControlResized":true,"label":"Subject Property","offset":0,"enableHeader":"true","groupBoxHeader":"Subject Property","containerType":"GroupBox"},"events":null,"data":{"domain":{}}},"parentId":"Categorybox2","domPath":"/Categorybox2","depth":null,"index":0,"name":"GroupBox3","isAvailableOnWorkspace":"true","enabled":"true","visible":"true"},{"id":"TextBox2","type":"TextBox","cid":"ffa135be-d212-e18f-f40b-9830ed5a5988","options":0,"controlClass":"em-txt-lg","labelPosition":"label_Top","Properties":{"ui":{"width":6,"isControlResized":true,"label":"Street Address","offset":0,"labelPosition":"Top","labelPositionValue":"1","hoverText":"","maxChar":"32","placeholder":"","instructionText":""},"events":null,"data":{"domain":{"fieldId":"11","fieldType":"standard","fieldFormat":"STRING","entityPath":"Loan.Property.StreetAddress","entity":"","property":"StreetAddress","allowEdit":"true"}}},"parentId":"GroupBox3","domPath":"/Categorybox2/GroupBox3","depth":null,"index":0,"name":"TextBox2","isAvailableOnWorkspace":"true","enabled":"true","tabIndex":"","field":"11 (Subject Property Street)","lockField":"false","lockIconPosition":"Left","lockIconPositionValue":"1","city":"","state":"","country":"","cityField":"","stateField":"","countyField":"","rolodexId":"","rolodexField":"","visible":"true"},{"id":"Dropdown1","type":"Dropdown","cid":"824ffc9d-52f3-5b05-e0a5-ac731405f74a","options":0,"labelPosition":"label_Top","Properties":{"ui":{"width":6,"isControlResized":true,"label":"Property Type","offset":0,"labelPosition":"Top","labelPositionValue":"1","instructionText":""},"events":null,"data":{"domain":{"fieldId":"1041","fieldType":"standard","fieldFormat":"STRING","entityPath":"Loan.LoanProductData.GsePropertyType","entity":"","property":"GsePropertyType","stdDataOptions":"api","allowEdit":"true"},"options":[{"Text":"Attached","Value":"Attached","optionId":"Dropdown1_1"},{"Text":"Condominium","Value":"Condominium","optionId":"Dropdown1_2"},{"Text":"Co-Operative","Value":"Cooperative","optionId":"Dropdown1_3"},{"Text":"Detached","Value":"Detached","optionId":"Dropdown1_4"},{"Text":"High Rise Condominium","Value":"HighRiseCondominium","optionId":"Dropdown1_5"},{"Text":"Manufactured Housing","Value":"ManufacturedHousing","optionId":"Dropdown1_6"},{"Text":"PUD","Value":"PUD","optionId":"Dropdown1_7"},{"Text":"Detached Condo","Value":"DetachedCondo","optionId":"Dropdown1_8"},{"Text":"Mfd Home/Condo/PUD/Co-Op","Value":"ManufacturedHomeCondoPUDCoOp","optionId":"Dropdown1_9"},{"Text":"MH Select","Value":"MHSelect","optionId":"Dropdown1_10"},{"Text":"MH Advantage","Value":"MHAdvantage","optionId":"Dropdown1_11"}]}},"parentId":"GroupBox3","domPath":"/Categorybox2/GroupBox3","depth":null,"index":0,"name":"Dropdown1","isAvailableOnWorkspace":"true","enabled":"true","tabIndex":"","field":"1041 (Subject Property Type Fannie Mae)","visible":"true","emptyOption":true},{"id":"TextBox4","type":"TextBox","cid":"c737847c-9b7d-3646-144e-15b09ab10b9c","options":0,"controlClass":"em-txt-lg","labelPosition":"label_Top","Properties":{"ui":{"width":6,"isControlResized":true,"label":"City","offset":0,"labelPosition":"Top","labelPositionValue":"1","hoverText":"","maxChar":"22","placeholder":"","instructionText":""},"events":null,"data":{"domain":{"fieldId":"12","fieldType":"standard","fieldFormat":"STRING","entityPath":"Loan.Property.City","entity":"","property":"City","allowEdit":"true"}}},"parentId":"GroupBox3","domPath":"/Categorybox2/GroupBox3","depth":null,"index":0,"name":"TextBox4","isAvailableOnWorkspace":"true","enabled":"true","tabIndex":"","lockField":"false","lockIconPosition":"Left","lockIconPositionValue":"1","city":"","state":"","country":"","cityField":"","stateField":"","countyField":"","rolodexId":"","rolodexField":"","visible":"true","field":"12 (Subject Property City)"},{"id":"TextBox9","type":"TextBox","cid":"8e6d74a6-78b5-0e54-9577-c72124fd689d","options":0,"controlClass":"em-txt-lg","labelPosition":"label_Top","Properties":{"ui":{"width":6,"isControlResized":true,"label":"Estimated Value","offset":0,"labelPosition":"Top","labelPositionValue":"1","hoverText":"","maxChar":"11","placeholder":"","instructionText":""},"events":null,"data":{"domain":{"fieldId":"1821","fieldType":"standard","fieldFormat":"INTEGER","entityPath":"Loan.PropertyEstimatedValueAmount","entity":"","property":"PropertyEstimatedValueAmount","allowEdit":"true"}}},"parentId":"GroupBox3","domPath":"/Categorybox2/GroupBox3","depth":null,"index":0,"name":"TextBox9","isAvailableOnWorkspace":"true","enabled":"true","tabIndex":"","field":"1821 (Subject Property Est Value)","lockField":"false","lockIconPosition":"Left","lockIconPositionValue":"1","city":"","state":"","country":"","cityField":"","stateField":"","countyField":"","rolodexId":"","rolodexField":"","visible":"true"},{"id":"TextBox10","type":"TextBox","cid":"bee18f8a-1b8f-256d-179f-680ad3aabd51","options":0,"controlClass":"em-txt-lg","labelPosition":"label_Top","Properties":{"ui":{"width":2,"isControlResized":true,"label":"State","offset":0,"labelPosition":"Top","labelPositionValue":"1","hoverText":"","maxChar":"2","placeholder":"","instructionText":""},"events":null,"data":{"domain":{"fieldId":"14","fieldType":"standard","fieldFormat":"STATE","entityPath":"Loan.Property.State","entity":"","property":"State","allowEdit":"true"}}},"parentId":"GroupBox3","domPath":"/Categorybox2/GroupBox3","depth":null,"index":0,"name":"TextBox10","isAvailableOnWorkspace":"true","enabled":"true","tabIndex":"","field":"14 (Subject Property State)","lockField":"false","lockIconPosition":"Left","lockIconPositionValue":"1","city":"","state":"","country":"","cityField":"","stateField":"","countyField":"","rolodexId":"","rolodexField":"","visible":"true"},{"id":"TextBox11","type":"TextBox","cid":"24a27b11-2156-4bdd-7325-45007f764413","options":0,"controlClass":"em-txt-lg","labelPosition":"label_Top","Properties":{"ui":{"width":4,"isControlResized":true,"label":"Zip Code","offset":0,"labelPosition":"Top","labelPositionValue":"1","hoverText":"","maxChar":"10","placeholder":"","instructionText":""},"events":null,"data":{"domain":{"fieldId":"15","fieldType":"standard","fieldFormat":"ZIPCODE","entityPath":"Loan.Property.PostalCode","entity":"","property":"PostalCode","allowEdit":"true"}}},"parentId":"GroupBox3","domPath":"/Categorybox2/GroupBox3","depth":null,"index":0,"name":"TextBox11","isAvailableOnWorkspace":"true","enabled":"true","tabIndex":"","field":"15 (Subject Property Zip)","lockField":"false","lockIconPosition":"Left","lockIconPositionValue":"1","city":"","state":"","country":"","cityField":"","stateField":"","countyField":"","rolodexId":"","rolodexField":"","visible":"true"},{"id":"TextBox12","type":"TextBox","cid":"95706f69-d85a-34d4-fdd8-344baf2c10c8","options":0,"controlClass":"em-txt-lg","labelPosition":"label_Top","Properties":{"ui":{"width":6,"isControlResized":true,"label":"Appraised Value","offset":0,"labelPosition":"Top","labelPositionValue":"1","hoverText":"","maxChar":"11","placeholder":"","instructionText":""},"events":null,"data":{"domain":{"fieldId":"356","fieldType":"standard","fieldFormat":"INTEGER","entityPath":"Loan.PropertyAppraisedValueAmount","entity":"","property":"PropertyAppraisedValueAmount","allowEdit":"true"}}},"parentId":"GroupBox3","domPath":"/Categorybox2/GroupBox3","depth":null,"index":0,"name":"TextBox12","isAvailableOnWorkspace":"true","enabled":"true","tabIndex":"","field":"356 (Subject Property Appraised Value)","lockField":"false","lockIconPosition":"Left","lockIconPositionValue":"1","city":"","state":"","country":"","cityField":"","stateField":"","countyField":"","rolodexId":"","rolodexField":"","visible":"true"},{"id":"GroupBox4","type":"GroupBox","cid":"61cd4cc2-274e-9ffa-e5a0-079ec3c38eea","options":0,"headerClass":"em-group-box","Properties":{"ui":{"width":12,"isControlResized":true,"label":"Loan Terms","offset":0,"enableHeader":"true","groupBoxHeader":"Loan Terms","containerType":"GroupBox"},"events":null,"data":{"domain":{}}},"parentId":"Categorybox2","domPath":"/Categorybox2","depth":null,"index":0,"name":"GroupBox4","isAvailableOnWorkspace":"true","enabled":"true","visible":"true"},{"id":"drpLoanType","type":"Dropdown","cid":"81eff875-db47-1970-3ecd-7ec8f1138e29","options":0,"labelPosition":"label_Top","Properties":{"ui":{"width":6,"isControlResized":true,"label":"Loan Type","offset":0,"labelPosition":"Top","labelPositionValue":"1","instructionText":""},"events":null,"data":{"domain":{"fieldId":"1172","fieldType":"standard","fieldFormat":"STRING","entityPath":"Loan.MortgageType","entity":"","property":"MortgageType","stdDataOptions":"api","allowEdit":"true"},"options":[{"Text":"Conventional","Value":"Conventional","optionId":"drpLoanType_1"},{"Text":"VA","Value":"VA","optionId":"drpLoanType_2"},{"Text":"FHA","Value":"FHA","optionId":"drpLoanType_3"},{"Text":"Other","Value":"Other","optionId":"drpLoanType_4"},{"Text":"USDA-RHS","Value":"FarmersHomeAdministration","optionId":"drpLoanType_5"},{"Text":"HELOC","Value":"HELOC","optionId":"drpLoanType_6"}]}},"parentId":"GroupBox4","domPath":"/Categorybox2/GroupBox4","depth":null,"index":0,"name":"drpLoanType","isAvailableOnWorkspace":"true","enabled":"true","tabIndex":"","field":"1172 (Trans Details Loan Type)","visible":"true","emptyOption":true},{"id":"drpLoanPurpose","type":"Dropdown","cid":"f44ff025-0e3e-9454-2719-85ba7d24a4a8","options":0,"labelPosition":"label_Top","Properties":{"ui":{"width":6,"isControlResized":true,"label":"Loan Purpose","offset":0,"labelPosition":"Top","labelPositionValue":"1","instructionText":""},"events":null,"data":{"domain":{"fieldId":"19","fieldType":"standard","fieldFormat":"STRING","entityPath":"Loan.Property.LoanPurposeType","entity":"","property":"LoanPurposeType","stdDataOptions":"api","allowEdit":"true"},"options":[{"Text":"Construction - Perm","Value":"ConstructionToPermanent","optionId":"drpLoanPurpose_1"},{"Text":"No Cash-Out Refi","Value":"NoCash-Out Refinance","optionId":"drpLoanPurpose_2"},{"Text":"Purchase","Value":"Purchase","optionId":"drpLoanPurpose_3"},{"Text":"Construction","Value":"ConstructionOnly","optionId":"drpLoanPurpose_4"},{"Text":"Cash-Out Refi","Value":"Cash-Out Refinance","optionId":"drpLoanPurpose_5"},{"Text":"Other","Value":"Other","optionId":"drpLoanPurpose_6"}]}},"parentId":"GroupBox4","domPath":"/Categorybox2/GroupBox4","depth":null,"index":0,"name":"drpLoanPurpose","isAvailableOnWorkspace":"true","enabled":"true","tabIndex":"","field":"19 (Trans Details Loan Purpose)","visible":"true","emptyOption":true},{"id":"groupVA","type":"GroupBox","cid":"e8fdf20f-4622-1532-d74d-66567cf76ca6","options":0,"headerClass":"em-group-box","Properties":{"ui":{"width":12,"isControlResized":true,"label":"VA Loan Information","offset":0,"enableHeader":"true","groupBoxHeader":"VA Loan Information","containerType":"GroupBox"},"events":null,"data":{"domain":{}}},"parentId":"Categorybox2","domPath":"/Categorybox2","depth":null,"index":0,"name":"groupVA","isAvailableOnWorkspace":"true","enabled":"true","visible":"true"},{"id":"Dropdown2","type":"Dropdown","cid":"743b83c1-f5c8-d0e1-a40b-be4ffe529b4d","options":0,"labelPosition":"label_Top","Properties":{"ui":{"width":6,"isControlResized":true,"label":"Building Status","offset":0,"labelPosition":"Top","labelPositionValue":"1","instructionText":""},"events":null,"data":{"domain":{"fieldId":"601","fieldType":"standard","fieldFormat":"STRING","entityPath":"Loan.Property.BuildingStatusType","entity":"","property":"BuildingStatusType","stdDataOptions":"api","allowEdit":"true"},"options":[{"Text":"Existing","Value":"Existing","optionId":"Dropdown2_1"},{"Text":"Proposed","Value":"Proposed","optionId":"Dropdown2_2"},{"Text":"Subject To Alteration Improvement Repair And Rehabilitation","Value":"SubjectToAlterationImprovementRepairAndRehabilitation","optionId":"Dropdown2_3"},{"Text":"Substantially Rehabilitated","Value":"SubstantiallyRehabilitated","optionId":"Dropdown2_4"},{"Text":"Under Construction","Value":"UnderConstruction","optionId":"Dropdown2_5"}]}},"parentId":"groupVA","domPath":"/Categorybox2/groupVA","depth":null,"index":0,"name":"Dropdown2","isAvailableOnWorkspace":"true","enabled":"true","tabIndex":"","field":"601 (Subject Property Building Status)","visible":"true","emptyOption":true},{"id":"Dropdown3","type":"Dropdown","cid":"466fe38e-ab38-e4bb-ed9d-f749e255550d","options":0,"labelPosition":"label_Top","Properties":{"ui":{"width":6,"isControlResized":true,"label":"Building Type","offset":0,"labelPosition":"Top","labelPositionValue":"1","instructionText":""},"events":null,"data":{"domain":{"fieldId":"602","fieldType":"standard","fieldFormat":"STRING","entityPath":"Loan.VaLoanData.BuildingType","entity":"","property":"BuildingType","stdDataOptions":"api","allowEdit":"true"},"options":[{"Text":"Detached","Value":"Detached","optionId":"Dropdown3_1"},{"Text":"Semi-Detached","Value":"Semi-Detached","optionId":"Dropdown3_2"},{"Text":"Row","Value":"Row","optionId":"Dropdown3_3"},{"Text":"Apt Unit","Value":"Apt Unit","optionId":"Dropdown3_4"}]}},"parentId":"groupVA","domPath":"/Categorybox2/groupVA","depth":null,"index":0,"name":"Dropdown3","isAvailableOnWorkspace":"true","enabled":"true","tabIndex":"","field":"602 (Subject Property Building Type)","visible":"true","emptyOption":true},{"id":"groupFHA","type":"GroupBox","cid":"330d2a93-5348-ba95-7781-7a00f8ddebd3","options":0,"headerClass":"em-group-box","Properties":{"ui":{"width":12,"isControlResized":true,"label":"FHA Loan Information","offset":0,"enableHeader":"true","groupBoxHeader":"FHA Loan Information","containerType":"GroupBox"},"events":null,"data":{"domain":{}}},"parentId":"Categorybox2","domPath":"/Categorybox2","depth":null,"index":0,"name":"groupFHA","isAvailableOnWorkspace":"true","enabled":"true","visible":"true"},{"id":"TextBox13","type":"TextBox","cid":"d60631da-6d93-69e1-8c08-29e42df3a087","options":0,"controlClass":"em-txt-lg","labelPosition":"label_Top","Properties":{"ui":{"width":5,"isControlResized":true,"label":"FHA Case Number","offset":0,"labelPosition":"Top","labelPositionValue":"1","hoverText":"","maxChar":"16","placeholder":"","instructionText":""},"events":null,"data":{"domain":{"fieldId":"1040","fieldType":"standard","fieldFormat":"STRING","entityPath":"Loan.AgencyCaseIdentifier","entity":"","property":"AgencyCaseIdentifier","allowEdit":"true"}}},"parentId":"groupFHA","domPath":"/Categorybox2/groupFHA","depth":null,"index":0,"name":"TextBox13","isAvailableOnWorkspace":"true","enabled":"true","tabIndex":"","field":"1040 (Trans Details Agency Case #)","lockField":"false","lockIconPosition":"Left","lockIconPositionValue":"1","city":"","state":"","country":"","cityField":"","stateField":"","countyField":"","rolodexId":"","rolodexField":"","visible":"true"},{"id":"btnFHACaseNum","type":"Button","cid":"659caf1b-305c-53a3-5dc0-c01063f3ea1c","options":0,"Properties":{"ui":{"width":1,"isControlResized":true,"offset":0,"height":32,"top":32,"left":547.125,"value":"...","buttonType":"Button","buttonTypeValue":"1","hoverText":null,"imageID":null,"imageSource":null,"imageSourceId":null},"events":null,"data":{"domain":{}}},"parentId":"groupFHA","domPath":"/Categorybox2/groupFHA","depth":null,"index":0,"name":"btnFHACaseNum","isAvailableOnWorkspace":"true","enabled":"true","visible":"true","tabIndex":"","controlAction":"","controlActionText":"Choose One..."}],"Assets":[],"Properties":{"FormControlId":"Form1","ui":{"width":"","height":800,"spacing":"2","deviceValue":"Desktop","deviceText":"Desktop/Tablet","formClass":"","formClassValue":""},"data":null,"events":null},"Entities":[],"Count":{"panels":2,"controls":{"GroupBox":6,"TextBox":15,"Button":2,"Dropdown":5},"assets":0,"Entities":{}}}
